{
  "unknown": {
    "versionSfCore": null,
    "versionFramework": "4.2.4",
    "isWithinCompose": false,
    "composeOrgName": null,
    "composeServiceName": null,
    "command": [],
    "options": {
      "version": true
    },
    "error": null,
    "machineId": "fac2829eea0bda59e536baf709b079d8",
    "serviceProviderAwsCfStackId": null,
    "serviceProviderAwsCfStackCreated": null,
    "serviceProviderAwsCfStackUpdated": null,
    "serviceProviderAwsCfStackStatus": null,
    "serviceProviderAwsCfStackOutputs": null
  }
}